{
  "project_info": {
    "project_number": "592925488341",
    "firebase_url": "https://notmnist-24ec0.firebaseio.com",
    "project_id": "notmnist-24ec0",
    "storage_bucket": "notmnist-24ec0.appspot.com"
  },
  "client": [
    {
      "client_info": {
        "mobilesdk_app_id": "1:592925488341:android:fba30a50fba04289",
        "android_client_info": {
          "package_name": "com.example.mark.loadtensorflowmodeltest"
        }
      },
      "oauth_client": [
        {
          "client_id": "592925488341-u9nhpt9uveaao871cq0077mckd0di3mk.apps.googleusercontent.com",
          "client_type": 1,
          "android_info": {
            "package_name": "com.example.mark.loadtensorflowmodeltest",
            "certificate_hash": "dc1406205d8a98e9299b5c9a16dbb19ab56f5542"
          }
        },
        {
          "client_id": "592925488341-2a0rvn9utjcshqrdov8oj05kis8g3i64.apps.googleusercontent.com",
          "client_type": 3
        }
      ],
      "api_key": [
        {
          "current_key": "AIzaSyA4E8ZeOI1TFBh_nrvjJLdFjiq-GKlzQ-c"
        }
      ],
      "services": {
        "analytics_service": {
          "status": 1
        },
        "appinvite_service": {
          "status": 2,
          "other_platform_oauth_client": [
            {
              "client_id": "592925488341-2a0rvn9utjcshqrdov8oj05kis8g3i64.apps.googleusercontent.com",
              "client_type": 3
            }
          ]
        },
        "ads_service": {
          "status": 2
        }
      }
    }
  ],
  "configuration_version": "1"
}